{"cameraMode":{"drawMode":0,"name":"Shaded","section":"Shading Mode"},"sceneLighting":false,"audioPlay":false,"sceneViewState":{"m_AlwaysRefresh":false,"showFog":true,"showSkybox":false,"showFlares":true,"showImageEffects":true,"showParticleSystems":true,"showVisualEffectGraphs":true,"m_FxEnabled":true},"in2DMode":false,"pivot":{"x":-0.20824062824249268,"y":0.09225262701511383,"z":3.015890598297119},"rotation":{"x":-0.30591100454330447,"y":-0.3751034438610077,"z":0.13361747562885285,"w":-0.8652687668800354},"size":1.7590512037277222,"orthographic":false}