{"cameraMode":{"drawMode":0,"name":"Shaded","section":"Shading Mode"},"sceneLighting":false,"audioPlay":false,"sceneViewState":{"m_AlwaysRefresh":false,"showFog":true,"showSkybox":false,"showFlares":true,"showImageEffects":true,"showParticleSystems":true,"showVisualEffectGraphs":true,"m_FxEnabled":true},"in2DMode":false,"pivot":{"x":2.75236177444458,"y":0.9133780598640442,"z":-1.7472258806228638},"rotation":{"x":-0.016860760748386384,"y":0.7931286096572876,"z":-0.030970223248004915,"w":-0.6095401644706726},"size":0.10137995332479477,"orthographic":false}